case_id,smiles
AIE_DDX_MECH_V4_0001,CCCCC(CC)COC(=O)CCCc1ccc2c(ccc3c4ccccc4ccc23)c1
AIE_DDX_MECH_V4_0002,CN(C)c1ccc(C=CC=NN=Cc2cc3ccc4cccc5ccc(c2)c3c45)cc1
AIE_DDX_MECH_V4_0003,CCCCCCCCCCOc1ccc([N+]#[C-]->[Au]c2c(F)c(F)c(F)c(F)c2F)cc1
AIE_DDX_MECH_V4_0004,CCOC(=O)C1=C(C(=O)OCC)N(c2ccccc2)C(c2ccccc2)N(c2ccccc2)C1
AIE_DDX_MECH_V4_0005,COC(=O)C1=C(C(=O)OC)N(c2ccccc2)C(c2ccccc2)N(c2ccccc2)C1
AIE_DDX_MECH_V4_0006,COC(=O)C1=C(C(=O)OC)N(c2ccc(Br)cc2)C(c2ccccc2)N(c2ccc(Br)cc2)C1
AIE_DDX_MECH_V4_0007,O=C(CCSc1ccc(Oc2ccc(C(=O)OCc3cc4ccc5cccc6ccc(c3)c4c56)cc2)cc1)OCC(COC(=O)CCSc1ccc(Oc2ccc(C(=O)OCc3cc4ccc5cccc6ccc(c3)c4c56)cc2)cc1)(COC(=O)CCSc1ccc(Oc2ccc(C(=O)OCc3cc4ccc5cccc6ccc(c3)c4c56)cc2)cc1)COC(=O)CCSc1ccc(Oc2ccc(C(=O)OCc3cc4ccc5cccc6ccc(c3)c4c56)cc2)cc1
AIE_DDX_MECH_V4_0008,c1ccc(C(=C(c2ccccc2)n2c3ccccc3c3c4ccccc4c4ccccc4c32)c2ccccc2)cc1
AIE_DDX_MECH_V4_0009,O=C(O)c1ccc(-c2c3ccccc3c(-c3ccc(C(=O)O)cc3)c3ccccc23)cc1
AIE_DDX_MECH_V4_0010,O=Cc1c2ccccc2cc2ccccc12
AIE_DDX_MECH_V4_0011,c1cc2ccc3cc(-c4ccc(-c5nc6ccccc6nc5-c5ccc(-c6cc7ccc8cccc9ccc(c6)c7c89)cc5)cc4)cc4ccc(c1)c2c34
AIE_DDX_MECH_V4_0012,CC(C)c1cc2c(s1)N=c1[nH]c(-c3ccccc3O)nc1=C(c1ccccc1Cl)C2
AIE_DDX_MECH_V4_0013,CC(C)c1cc2c(-c3ccccc3Cl)c3nc(-c4ccc(C(F)(F)F)cc4O)[nH]c3nc2s1
AIE_DDX_MECH_V4_0014,Oc1ccc(-c2ccc(B(c3c(C)cc(C)cc3C)c3c(C)cc(C)cc3C)cc2)cc1-c1ncc(-c2ccc(-c3ccc(N(c4ccccc4)c4ccccc4)cc3)cc2)o1
AIE_DDX_MECH_V4_0015,Cc1cc(C)c(B(c2ccc(-c3ccc(-c4cnc(-c5cc(-c6ccc(N(c7ccccc7)c7ccccc7)cc6)ccc5O)o4)cc3)cc2)c2c(C)cc(C)cc2C)c(C)c1
AIE_DDX_MECH_V4_0016,Oc1ccc(-c2ccc(N(c3ccccc3)c3ccccc3)cc2)cc1-c1ncc(-c2ccc(-c3ccc(N(c4ccccc4)c4ccccc4)cc3)cc2)o1
AIE_DDX_MECH_V4_0017,Oc1ccc(-c2ccc(B(c3c(C)cc(C)cc3C)c3c(C)cc(C)cc3C)cc2)cc1-c1ncc(-c2ccc(-c3ccc(B(c4c(C)cc(C)cc4C)c4c(C)cc(C)cc4C)cc3)cc2)o1
AIE_DDX_MECH_V4_0018,CCN(CC)c1ccc(/C=N/N=C/C(C#N)=C(/N)C#N)c(O)c1
AIE_DDX_MECH_V4_0019,Oc1ccccc1-c1cn2ccccc2n1
AIE_DDX_MECH_V4_0020,Oc1cc(C(F)(F)F)ccc1-c1nc2sc(-c3ccc(C(F)(F)F)cc3O)nc2s1
AIE_DDX_MECH_V4_0021,CCN(CC)c1ccc(O)c(C=Nc2ccc(N(C)C)cc2)c1
AIE_DDX_MECH_V4_0022,CCN(CC)c1ccc(C=Nc2ccc([N+](=O)[O-])cc2)c(O)c1
AIE_DDX_MECH_V4_0023,Oc1ccc(C(=C(c2ccccc2)c2ccccc2)c2ccccc2)cc1C=Nc1ccccc1N=Cc1cc(C(=C(c2ccccc2)c2ccccc2)c2ccccc2)ccc1O
AIE_DDX_MECH_V4_0024,COc1ccc(C(=C(c2ccc(C#Cc3cc[n+](CCCCCC[n+]4ccccc4)cc3)cc2)c2ccc(OC)cc2)c2ccccc2)cc1
AIE_DDX_MECH_V4_0025,CC[n+]1ccc(C=Cc2ccc(C(=C(c3ccccc3)c3ccc(C=Cc4cc[n+](CC)cc4)cc3)c3ccccc3)cc2)cc1
AIE_DDX_MECH_V4_0026,CC[n+]1ccc(C=Cc2ccc(C(=C(c3ccc(C=Cc4cc[n+](CC)cc4)cc3)c3ccc(C=Cc4cc[n+](CC)cc4)cc3)c3ccccc3)cc2)cc1
AIE_DDX_MECH_V4_0027,CC[n+]1ccc(C=Cc2ccc(C(=C(c3ccc(C=Cc4cc[n+](CC)cc4)cc3)c3ccc(C=Cc4cc[n+](CC)cc4)cc3)c3ccc(C=Cc4cc[n+](CC)cc4)cc3)cc2)cc1
AIE_DDX_MECH_V4_0028,c1ccc(CNCc2ccc(C(=C(c3ccccc3)c3ccc(CNCc4ccccc4)cc3)c3ccccc3)cc2)cc1
AIE_DDX_MECH_V4_0029,c1ccc(C(=C(c2ccccc2)c2ccc(-c3ccc4c(c3)OCCOCCOCCOc3ccccc3OCCOCCOCCO4)cc2)c2ccc(-c3ccc4c(c3)OCCOCCOCCOc3ccccc3OCCOCCOCCO4)cc2)cc1
AIE_DDX_MECH_V4_0030,OB(O)c1ccc(C[n+]2ccc(-c3ccc(N(c4ccccc4)c4ccc(-c5cc[n+](Cc6ccc(B(O)O)cc6)cc5)cc4)cc3)cc2)cc1
AIE_DDX_MECH_V4_0031,CCCCN1C(=O)c2cc3ccc(N(C)C)cc3cc2C1=O
AIE_DDX_MECH_V4_0032,BrCCCCOc1ccc(C(=C(c2ccc(OCCCCBr)cc2)c2ccc(OCCCCBr)cc2)c2ccc(OCCCCBr)cc2)cc1
AIE_DDX_MECH_V4_0033,C=CC[n+]1ccn(-c2ccc(C(=C(c3ccc(-n4cc[n+](CC=C)c4)cc3)c3ccc(-n4cc[n+](CC=C)c4)cc3)c3ccc(-n4cc[n+](CC=C)c4)cc3)cc2)c1
AIE_DDX_MECH_V4_0034,CN(C)CCCNCCCNCc1ccc(N(c2ccccc2)c2ccccc2)cc1
AIE_DDX_MECH_V4_0035,CN(C)CCCNCCCNCc1ccc(N(c2ccccc2)c2ccc(CNCCCNCCCN(C)C)cc2)cc1
AIE_DDX_MECH_V4_0036,CN(C)CCCNCCCNCc1ccc(N(c2ccc(CNCCCNCCCN(C)C)cc2)c2ccc(CNCCCNCCCN(C)C)cc2)cc1
AIE_DDX_MECH_V4_0037,CN(C)C1=C2C=CC=[N+]2[B-](F)(F)n2cccc21
AIE_DDX_MECH_V4_0038,CCN(CC)C1=C2C=CC=[N+]2[B-](F)(F)n2cccc21
AIE_DDX_MECH_V4_0039,CC1=C(C)N2C1=C(c1ccc(N3CCC3)cc1)C(C)=C(C)[N+](=C(C)C)[B-]2(F)F
AIE_DDX_MECH_V4_0040,CC(=O)c1ccc2cc(N(C)C)ccc2c1
AIE_DDX_MECH_V4_0041,CC(=O)c1ccc2cc(N3CCC3)ccc2c1
AIE_DDX_MECH_V4_0042,Cc1cc(N(C)C)cc(C)c1/C=C1\Sc2ccccc2C1=O
AIE_DDX_MECH_V4_0044,CC(C)(C)c1ccc(C(=O)Nc2cccc(-c3nc4ccccc4o3)c2)cc1
AIE_DDX_MECH_V4_0047,CN(C)c1ccc(-c2ccc([N+](=O)[O-])c3nsnc23)cc1
AIE_DDX_MECH_V4_0048,CCCCCCCCOc1cc(OCCCCCCCC)cc(-c2ccc(-c3cc4nsnc4cc3-c3ccc(-c4cc(OCCCCCCCC)cc(OCCCCCCCC)c4)s3)s2)c1
AIE_DDX_MECH_V4_0049,COc1ccc(C(=C(c2ccc(C=C3SC(=S)N(CC(=O)O)C3=O)cc2)c2ccc(OC)cc2)c2ccccc2)cc1
AIE_DDX_MECH_V4_0051,C1=Cc2nc(-c3ccc(-c4ccc(N(c5ccccc5)c5ccccc5)cc4)cc3)c(-c3ccc(-c4ccc(N(c5ccccc5)c5ccccc5)cc4)cc3)nc2C=c2nc(-c3ccc(-c4ccc(N(c5ccccc5)c5ccccc5)cc4)cc3)c(-c3ccc(-c4ccc(N(c5ccccc5)c5ccccc5)cc4)cc3)nc2=C1
AIE_DDX_MECH_V4_0055,O=S(=O)(c1ccc(-n2c3ccccc3c3cc(-c4cccc(-n5c6ccccc6c6ccccc65)c4)ccc32)cc1)c1ccc(N2c3ccccc3Oc3ccccc32)cc1
AIE_DDX_MECH_V4_0056,c1ccc(C(=C2c3ccccc3-c3ccccc32)c2ccccc2)cc1
AIE_DDX_MECH_V4_0059,N#Cc1ccc(N2c3ccccc3Sc3ccccc32)cc1
AIE_DDX_MECH_V4_0060,CC(C)(C)c1ccc(O)c(N=Cc2ccccc2O)c1
AIE_DDX_MECH_V4_0062,Brc1ccc(C2CC(c3ccc(C(=C(c4ccccc4)c4ccccc4)c4ccccc4)cc3)=NN2c2ccccc2)cc1
AIE_DDX_MECH_V4_0063,N#Cc1ccc(C2CC(c3ccc(C(=C(c4ccccc4)c4ccccc4)c4ccccc4)cc3)=NN2c2ccccc2)cc1
AIE_DDX_MECH_V4_0064,N#CC(N)=C(C#N)N=Cc1ccc(N(c2ccccc2)c2ccccc2)cc1
AIE_DDX_MECH_V4_0066,COc1ccc(C(=NN=C(c2ccccc2)c2ccc(OC)cc2O)c2ccccc2)c(O)c1
AIE_DDX_MECH_V4_0068,CN(C)c1ccc(N2C(=O)c3cccc4cccc(c34)C2=O)cc1
AIE_DDX_MECH_V4_0069,O=C(O)c1ccccc1Nc1cccc(C(F)(F)F)c1
AIE_DDX_MECH_V4_0071,Cc1c(Cl)cccc1Nc1ccccc1C(=O)O
AIE_DDX_MECH_V4_0072,C[Si](C)(c1ccc(C=C(C#N)C#N)cc1)[Si](C)(C)c1ccc(C=C(C#N)C#N)cc1
AIE_DDX_MECH_V4_0073,COC(=O)C(=Cc1ccc([Si](C)(C)[Si](C)(C)c2ccc(C=C(C(=O)OC)C(=O)OC)cc2)cc1)C(=O)OC
AIE_DDX_MECH_V4_0074,C[Si](C)(c1ccc(C=C(C#N)C#N)cc1)[Si](C)(C)[Si](C)(C)[Si](C)(C)c1ccc(C=C(C#N)C#N)cc1
AIE_DDX_MECH_V4_0075,Cc1cc(S(=O)(=O)[O-])ccc1Nc1ccc(Nc2ccc(S(=O)(=O)[O-])cc2C)c2c1C(=O)c1ccccc1C2=O
AIE_DDX_MECH_V4_0076,Cc1ccc(Nc2ccc(O)c3c2C(=O)c2ccccc2C3=O)c(S(=O)(=O)[O-])c1
AIE_DDX_MECH_V4_0077,CC1(C)C(=CC=CC=CC=CC2=[N+](CCCCS(=O)(=O)[O-])c3ccc4ccccc4c3C2(C)C)N(CCCCS(=O)(=O)[O-])c2ccc3ccccc3c21
AIE_DDX_MECH_V4_0078,O=C1c2cccc3cccc(c23)C(=O)N1CCCCCCCCCCCN1c2ccccc2Sc2ccccc21
AIE_DDX_MECH_V4_0079,O=C1c2cccc3cccc(c23)C(=O)N1CCOCCOCCOCCN1c2ccccc2Sc2ccccc21
AIE_DDX_MECH_V4_0080,Cc1ccc(O)c(C=Nc2cc(C(C)(C)C)ccc2O)c1
AIE_DDX_MECH_V4_0081,Oc1ccc(C(=C(c2ccccc2)c2ccccc2)c2ccccc2)cc1C=NNc1nc2ccccc2s1
AIE_DDX_MECH_V4_0082,CCCCCCCCCCCCCCCCCCN1C(=O)c2cccc3cccc(c23)C1=O
AIE_DDX_MECH_V4_0083,O=C1c2cccc3c(Cl)ccc(c23)C(=O)N1CCNCCO
AIE_DDX_MECH_V4_0084,c1ccc(C2=C(c3ccccc3)C(c3ccccc3)=C(c3ccccc3)C2)cc1
AIE_DDX_MECH_V4_0085,N#CC(=Cc1ccccc1)c1ccc(C(C#N)=Cc2ccccc2)cc1
AIE_DDX_MECH_V4_0086,Oc1ccccc1-c1nc2ccccc2s1
AIE_DDX_MECH_V4_0087,CN(C)c1ccc(/C=C/C(=O)c2ccccc2O)cc1
AIE_DDX_MECH_V4_0088,COc1ccc(C(=O)/C=C/c2ccc(N(C)C)cc2)c(O)c1
AIE_DDX_MECH_V4_0089,N#CC(C#N)=C(c1ccc(F)cc1)c1ccc(-c2ccc(N(c3ccccc3)c3ccccc3)cc2)s1
AIE_DDX_MECH_V4_0090,CCCCC(CC)c1cc(=O)[nH]c(NC(=O)Nc2ccc(/C(=C(/c3ccccc3)c3ccc(NC(=O)Nc4nc(C(CC)CCCC)cc(=O)[nH]4)cc3)c3ccccc3)cc2)n1
AIE_DDX_MECH_V4_0091,N#Cc1c(-n2c3ccccc3c3ccccc32)c(C#N)c(-n2c3ccccc3c3ccccc32)c(-n2c3ccccc3c3ccccc32)c1-n1c2ccccc2c2ccccc21
AIE_DDX_MECH_V4_0092,O=S1(=O)c2ccccc2-c2cc(N3c4ccccc4Sc4ccccc43)ccc21
AIE_DDX_MECH_V4_0094,CCCCCCCCCCCCOc1ccc(-n2cc(-c3ccc(C(=C(c4ccc(-c5cn(-c6ccc(OCCCCCCCCCCCC)c(OCCCCCCCCCCCC)c6)nn5)cc4)c4ccc(-c5cn(-c6ccc(OCCCCCCCCCCCC)c(OCCCCCCCCCCCC)c6)nn5)cc4)c4ccc(-c5cn(-c6ccc(OCCCCCCCCCCCC)c(OCCCCCCCCCCCC)c6)nn5)cc4)cc3)nn2)cc1OCCCCCCCCCCCC
AIE_DDX_MECH_V4_0095,COCCOCCOc1ccc(-n2cc(-c3ccc(C(=C(c4ccc(-c5cn(-c6ccc(OCCOCCOC)c(OCCOCCOC)c6)nn5)cc4)c4ccc(-c5cn(-c6ccc(OCCOCCOC)c(OCCOCCOC)c6)nn5)cc4)c4ccc(-c5cn(-c6ccc(OCCOCCOC)c(OCCOCCOC)c6)nn5)cc4)cc3)nn2)cc1OCCOCCOC
AIE_DDX_MECH_V4_0096,N#Cc1ccc(-c2cc(-c3ccccc3)c(-c3ccc(N4c5ccccc5Oc5ccccc54)cc3)cc2-c2ccccc2)cc1
AIE_DDX_MECH_V4_0097,N#CC(=C(C#N)c1ccc(N(c2ccccc2)c2ccc(C(=C(c3ccccc3)c3ccccc3)c3ccccc3)cc2)cc1)c1ccc(N(c2ccccc2)c2ccc(C(=C(c3ccccc3)c3ccccc3)c3ccccc3)cc2)cc1
AIE_DDX_MECH_V4_0098,F[B-]12Oc3cc(Cl)ccc3N=[N+]1c1ccc(Cl)cc1O2
AIE_DDX_MECH_V4_0099,Fc1ccc2c(c1)O[B-]1(F)Oc3cc(F)ccc3[N+]1=N2
AIE_DDX_MECH_V4_0100,F[B-]12Oc3ccccc3N=[N+]1c1ccccc1O2
AIE_DDX_MECH_V4_0101,O=C(Nc1ccc(-c2nc3ccccc3s2)c(O)c1)c1ccccc1
AIE_DDX_MECH_V4_0102,O=S(=O)(c1ccc(N2c3ccccc3Oc3ccccc32)cc1)c1ccc(-n2c3ccccc3c3ccc(-c4ccc(-n5c6ccccc6c6ccccc65)cc4)cc32)cc1
AIE_DDX_MECH_V4_0104,c1ccc(C2=C(c3ccccc3)C(=C(c3ccccc3)c3ccccc3)C2=C(c2ccccc2)c2ccccc2)cc1
AIE_DDX_MECH_V4_0125,COc1ccc(N(c2ccc(/C=C/c3csc(C=C(C#N)C#N)c3)cc2)c2ccc(C(=C(c3ccccc3)c3ccccc3)c3ccccc3)cc2)cc1
AIE_DDX_MECH_V4_0139,CC1(C)c2ccccc2-c2ccc(C(=O)c3ccc(N4c5ccccc5Oc5ccccc54)cc3)cc21
AIE_DDX_MECH_V4_0140,O=Cc1ccc2c(C=O)cc(C=O)c-2cc1
AIE_DDX_MECH_V4_0141,C1=C(c2cc[c-]([Fe+2][c-]3cccc3)c2)Cc2ccccc21
AIE_DDX_MECH_V4_0142,c1ccc2cccc-2cc1
AIE_DDX_MECH_V4_0143,Cc1ccc(C(C)C)cc2c(C)ccc1-2
AIE_DDX_MECH_V4_0144,Clc1cc(Cl)c2cccccc1-2
AIE_DDX_MECH_V4_0145,Brc1cc(Br)c2cccccc1-2
AIE_DDX_MECH_V4_0146,c1ccc2c(c1)cc(C1=NSS[N]1)c1ccccc12
AIE_DDX_MECH_V4_0147,CC(=O)c1cccc(C(C)=O)c1
AIE_DDX_MECH_V4_0148,O=Cc1cccc(C=O)c1
AIE_DDX_MECH_V4_0149,Clc1cc2cccccc-2c1
AIE_DDX_MECH_V4_0150,CN(C)c1cc2cccccc-2c1
AIE_DDX_MECH_V4_0151,Oc1cc2cccccc-2c1
AIE_DDX_MECH_V4_0152,Cc1ccc2c(ccc3c4ccccc4ccc23)c1
AIE_DDX_MECH_V4_0153,c1ccc2c(c1)ccc1c2ccc2c3ccccc3ccc21
AIE_DDX_MECH_V4_0154,O=C(c1ccc(F)cc1)c1cccc(C(=O)c2ccc(F)cc2)c1
AIE_DDX_MECH_V4_0155,N#Cc1ccc(Oc2ccc(N(c3ccccc3)c3ccccc3)cc2)cc1
AIE_DDX_MECH_V4_0156,N#Cc1ccc(Cc2ccc(N(c3ccccc3)c3ccccc3)cc2)cc1
AIE_DDX_MECH_V4_0157,O=C(c1ccccc1)c1ccc(Oc2ccc(N(c3ccccc3)c3ccccc3)cc2)cc1
AIE_DDX_MECH_V4_0158,O=C(c1ccccc1)c1ccc(Cc2ccc(N(c3ccccc3)c3ccccc3)cc2)cc1
AIE_DDX_MECH_V4_0159,CC(=O)c1ccc(Oc2ccc(N(c3ccccc3)c3ccccc3)cc2)cc1
AIE_DDX_MECH_V4_0160,c1ccc(N(c2ccccc2)c2ccc(Oc3ccncc3)cc2)cc1
AIE_DDX_MECH_V4_0161,COc1ccc(C(=C(c2ccccc2)c2ccc(-c3ccc(C(C)=C(C#N)C#N)cc3)cc2)c2ccc(OC)cc2)cc1
AIE_DDX_MECH_V4_0162,COc1ccc(C(=C(c2ccccc2)c2ccc(C(C)=C(C#N)C#N)cc2)c2ccc(OC)cc2)cc1
AIE_DDX_MECH_V4_0163,COc1ccc(C(=C(c2ccccc2)c2ccc(C(=C(C#N)C#N)c3ccccc3)cc2)c2ccc(OC)cc2)cc1
AIE_DDX_MECH_V4_0164,CC(C)(C)N1C(=O)c2cc(-n3c4ccccc4c4ccccc43)ccc2S1(=O)=O
AIE_DDX_MECH_V4_0165,CC(C)(C)N1C(=O)c2ccc(-n3c4ccccc4c4ccccc43)cc2S1(=O)=O
AIE_DDX_MECH_V4_0166,CC(C)(C)N1C(=O)c2cc(-n3c4ccccc4c4ccccc43)c(-n3c4ccccc4c4ccccc43)cc2S1(=O)=O
AIE_DDX_MECH_V4_0167,O=C(c1ccc(-c2cccc3c2oc2ccccc23)cc1)c1ccc(N2c3ccccc3Sc3ccccc32)cc1
